Part,Value,Device,Package,Description,COPYRIGHT,MANUFACTURER_PART_NUMBER,MFR_NAME,REFDES,TYPE
C1,22uf,CL21A226MQQNNNECAP_CL21_SAM,CAP_CL21_SAM,,"Copyright (C) 2025 Ultra Librarian. All rights reserved.",CL21A226MQQNNNE,Samsung,,
C2,22uf,CL21A226MQQNNNECAP_CL21_SAM,CAP_CL21_SAM,,"Copyright (C) 2025 Ultra Librarian. All rights reserved.",CL21A226MQQNNNE,Samsung,,
L1,4.7uh,LQM18PN4R7MFRLIND_LQM18PXXXXFRX_MUR,IND_LQM18PXXXXFRX_MUR,,"Copyright (C) 2025 Ultra Librarian. All rights reserved.",LQM18PN4R7MFRL,Murata,,
LED1,,150080BS75000LED_BS75000_WRE,LED_BS75000_WRE,,"Copyright (C) 2024 Ultra Librarian. All rights reserved.",150080BS75000,"Wurth Electronics",,
R1,1k,RC1206FR-071KLRES_RC1206_YAG,RES_RC1206_YAG,,"Copyright (C) 2025 Ultra Librarian. All rights reserved.",RC1206FR-071KL,Yageo,,
TPS613222,TPS613222ADBVRDBV0005A_N,TPS613222ADBVRDBV0005A_N,DBV0005A_N,,"Copyright (C) 2025 Ultra Librarian. All rights reserved.",TPS613222ADBVR,"Texas Instruments",RefDes,TYPE
U$1,PINHD-1X04_1X04M,PINHD-1X04_1X04M,1X04,,,,,,
