Qty,Value,Device,Package,Parts,Description,COPYRIGHT,MANUFACTURER_PART_NUMBER,MFR_NAME,TYPE
1,"3.3V REG",SSW-104-01-T-SCON4_1X4_TU_SSQ,CON4_1X4_TU_SSQ,J4,,"Copyright (C) 2025 Ultra Librarian. All rights reserved.",SSW-104-01-T-S,"Samtec Inc",
1,"5V REG",SSW-104-01-T-SCON4_1X4_TU_SSQ,CON4_1X4_TU_SSQ,J3,,"Copyright (C) 2025 Ultra Librarian. All rights reserved.",SSW-104-01-T-S,"Samtec Inc",
1,BS170,BS170,SOT-23_DIO,U$1,,,,,
1,"Battery Holder",24622462_KEY,2462_KEY,B1,,"Copyright (C) 2025 Ultra Librarian. All rights reserved.",2462,"Keystone Electronics",
1,"D 1K",RC1206FR-071KLRES_RC1206_YAG,RES_RC1206_YAG,R2,,"Copyright (C) 2025 Ultra Librarian. All rights reserved.",RC1206FR-071KL,Yageo,
1,"D LED",150080BS75000LED_BS75000_WRE,LED_BS75000_WRE,LED1,,"Copyright (C) 2024 Ultra Librarian. All rights reserved.",150080BS75000,"Wurth Electronics",
1,FLOAT1K,RC1206FR-071KLRES_RC1206_YAG,RES_RC1206_YAG,R1,,"Copyright (C) 2025 Ultra Librarian. All rights reserved.",RC1206FR-071KL,Yageo,
1,FloatingLED,150080BS75000LED_BS75000_WRE,LED_BS75000_WRE,LED3,,"Copyright (C) 2024 Ultra Librarian. All rights reserved.",150080BS75000,"Wurth Electronics",
1,"LCD Display",SSW-104-01-T-SCON4_1X4_TU_SSQ,CON4_1X4_TU_SSQ,J2,,"Copyright (C) 2025 Ultra Librarian. All rights reserved.",SSW-104-01-T-S,"Samtec Inc",
1,LCD-16X2JHD-162A,LCD-16X2JHD-162A,JHD-162A,U$2,,,,,
1,MSP430,MSP430G2553IPW20RPW20,PW20,U1,,"Copyright (C) 2025 Ultra Librarian. All rights reserved.",MSP430G2553IPW20R,"Texas Instruments",
1,"P1.0 1K",RC1206FR-071KLRES_RC1206_YAG,RES_RC1206_YAG,R7,,"Copyright (C) 2025 Ultra Librarian. All rights reserved.",RC1206FR-071KL,Yageo,
1,"P1.1 10K",RC1206FR-0710KLRC1206N_YAG,RC1206N_YAG,R8,,"Copyright (C) 2025 Ultra Librarian. All rights reserved.",RC1206FR-0710KL,Yageo,
1,"P1.1 LED",150080BS75000LED_BS75000_WRE,LED_BS75000_WRE,LED2,,"Copyright (C) 2024 Ultra Librarian. All rights reserved.",150080BS75000,"Wurth Electronics",
1,"P1.3 10K POT",3362P-1-103LFPOT_3362P,POT_3362P,R9,,"Copyright (C) 2025 Ultra Librarian. All rights reserved.",3362P-1-103LF,"Bourns Electronics",
1,"P2.4 1K",RC1206FR-071KLRES_RC1206_YAG,RES_RC1206_YAG,R3,,"Copyright (C) 2025 Ultra Librarian. All rights reserved.",RC1206FR-071KL,Yageo,
1,"P2.4 510",RMCF1206JT510RSTA_RMCF1206_STP,STA_RMCF1206_STP,R4,,"Copyright (C) 2025 Ultra Librarian. All rights reserved.",RMCF1206JT510R,"Stackpole International",
1,"Programmer Header",PINHD-1X04_1X04M,1X04,U$8,,,,,
1,Switch,09.03201.0209.03201_EAO,09.03201_EAO,SW1,,"Copyright (C) 2025 Ultra Librarian. All rights reserved.",09.03201.02,EAO,"Slide Switches"
1,"TEST 10K",RC1206FR-0710KLRC1206N_YAG,RC1206N_YAG,R5,,"Copyright (C) 2025 Ultra Librarian. All rights reserved.",RC1206FR-0710KL,Yageo,
1,"Ultra Sonic Sensor",SSW-104-01-T-SCON4_1X4_TU_SSQ,CON4_1X4_TU_SSQ,J1,,"Copyright (C) 2025 Ultra Librarian. All rights reserved.",SSW-104-01-T-S,"Samtec Inc",
